Handle,Title,Body (HTML),Vendor,Product Category,Type,Tags,Published,Option1 Name,Option1 Value,Option2 Name,Option2 Value,Option3 Name,Option3 Value,Variant SKU,Variant Grams,Variant Inventory Tracker,Variant Inventory Qty,Variant Inventory Policy,Variant Fulfillment Service,Variant Price,Variant Compare At Price,Variant Requires Shipping,Variant Taxable,Variant Barcode,Image Src,Image Position,Image Alt Text,Gift Card,SEO Title,SEO Description,Variant Image,Variant Weight Unit,Status
starter-set,Starter Set,"<h3>Your Bundle is Unlisted</h3>
  <p>
    This product is automatically created with its <b>Status</b> set to <b>""Unlisted""</b>.
  </p>
  <p>
    The bundle is active and discounts will apply, but it is hidden from your store's search results and collection pages. Customers can still purchase it using a direct link.
  </p>

  <h3>To Make It Discoverable</h3>
  <p>
    To show this bundle on your storefront (like in collections or search), you must manually change its <b>Status</b> to <b>""Active""</b> from the easy bundles app.
  </p>

  <h3>Management</h3>
  <ul>
    <li>
      <b>Customization:</b> Edit the title, description, and images as you would for any standard product.
    </li>
    <li>
      <b>Do Not Delete:</b> Deleting this product will break the bundle's functionality.
    </li>
  </ul>",juliusstrobl,sg-4-6-11,product,"easy-bundle, smart-cart-hide-bundle-options, kollektion-frontpage",FALSE,Title,Default Title,,,,,,0,,,continue,manual,0.00,,TRUE,FALSE,,https://cdn.shopify.com/s/files/1/1021/1239/5606/files/ParentProduct_bfb90017-db9e-438c-989e-1066d8bf2c15.jpg?v=1784194756,1,,FALSE,Starter Set – Professionelles Angelzubehör,Professionelles Angelzubehör für Raubfischangeln. Hochwertige Qualität. Jetzt online bestellen!,,kg,draft
combo-deal,Combo Deal,"<h3>Your Bundle is Unlisted</h3>
  <p>
    This product is automatically created with its <b>Status</b> set to <b>""Unlisted""</b>.
  </p>
  <p>
    The bundle is active and discounts will apply, but it is hidden from your store's search results and collection pages. Customers can still purchase it using a direct link.
  </p>

  <h3>To Make It Discoverable</h3>
  <p>
    To show this bundle on your storefront (like in collections or search), you must manually change its <b>Status</b> to <b>""Active""</b> from the easy bundles app.
  </p>

  <h3>Management</h3>
  <ul>
    <li>
      <b>Customization:</b> Edit the title, description, and images as you would for any standard product.
    </li>
    <li>
      <b>Do Not Delete:</b> Deleting this product will break the bundle's functionality.
    </li>
  </ul>",juliusstrobl,sg-4-6,product,"easy-bundle, smart-cart-hide-bundle-options",FALSE,Title,Default Title,,,,,,0,,,continue,manual,0.00,,TRUE,FALSE,,https://cdn.shopify.com/s/files/1/1021/1239/5606/files/ParentProduct_7255d553-4216-4443-83bb-bf030e8b7c42.jpg?v=1784194756,1,,FALSE,Combo Deal – Professionelles Angelzubehör,Professionelles Angelzubehör für Raubfischangeln. Hochwertige Qualität. Jetzt online bestellen!,,kg,draft
max-snakehead-special-s-702h-spinnrute,"Spinnrute Köderdepot Kraftrute – 2,13 m","<p>Die <strong>Kraftrute</strong> ist eine Spinnrute von Köderdepot für das Raubfischangeln mit Kunstködern. Der Blank besteht aus Carbon.</p><p>Die Auslegung <strong>Power H / Action XF</strong> gibt der Rute die nötige Rückmeldung für präzise Würfe und kraftvolle Anhiebe.</p><p>Die Rute ist auf <strong>Hecht und Snakehead</strong> ausgelegt.</p><h3>Produktmerkmale</h3><ul>
<li>
<strong>Ringe:</strong> Keramikringe, Spitzenring mit Anti-Verwicklung</li>
<li>
<strong>Rollenhalter:</strong> Integrierter Rollenhalter mit Metall-Feststellring</li>
<li>
<strong>Griff:</strong> Korkgriff und Kork-Butt</li>
<li>
<strong>Auslegung:</strong> Power H / Action XF</li>
<li>
<strong>Besonderheit:</strong> Kraftvolle Auslegung für große Kunstköder</li>
</ul><p>Die Keramikringe sorgen für eine saubere Schnurführung. Der Spitzenring mit Anti-Verwicklung reduziert Schnurverwicklungen und Reibung beim Wurf.</p><h3>Auf einen Blick</h3><ul>
<li>Länge: 2,13 m</li>
<li>Zielfische: Hecht und Snakehead</li>
<li>Auslegung: Power H / Action XF</li>
<li>Griff: Korkgriff und Kork-Butt</li>
<li>Einsatz: Spinnfischen mit Kunstködern</li>
</ul>",Köderdepot,sg-4-6-11,Spinnruten,"Carbon Rute, FR-CW-LQH, Heavy Rod, Hechtrute, Predator Rod, Raubfischrute, Snakehead Rod, Spinning Rod, Spinnrute",FALSE,Title,Default Title,,,,,MS-SR-213-1035,0,,,deny,manual,0.00,,TRUE,TRUE,,,,,FALSE,,,,kg,draft
max-snakehead-special-s-802h-spinnrute,"Spinnrute Köderdepot Kraftrute – 2,44 m","<p>Die <strong>Kraftrute</strong> ist eine Spinnrute von Köderdepot für das Raubfischangeln mit Kunstködern. Der Blank besteht aus Carbon.</p><p>Die Auslegung <strong>Power H / Action XF</strong> gibt der Rute die nötige Rückmeldung für präzise Würfe und kraftvolle Anhiebe.</p><p>Die Rute ist auf <strong>Hecht, Zander und Snakehead</strong> ausgelegt.</p><h3>Produktmerkmale</h3><ul>
<li>
<strong>Ringe:</strong> Keramikringe, Spitzenring mit Anti-Verwicklung</li>
<li>
<strong>Rollenhalter:</strong> Integrierter Rollenhalter mit Metall-Feststellring</li>
<li>
<strong>Griff:</strong> Korkgriff und Kork-Butt</li>
<li>
<strong>Auslegung:</strong> Power H / Action XF</li>
<li>
<strong>Besonderheit:</strong> Kraftvolle Auslegung für große Kunstköder</li>
</ul><p>Die Keramikringe sorgen für eine saubere Schnurführung. Der Spitzenring mit Anti-Verwicklung reduziert Schnurverwicklungen und Reibung beim Wurf.</p><h3>Auf einen Blick</h3><ul>
<li>Länge: 2,44 m</li>
<li>Zielfische: Hecht, Zander und Snakehead</li>
<li>Auslegung: Power H / Action XF</li>
<li>Griff: Korkgriff und Kork-Butt</li>
<li>Einsatz: Spinnfischen mit Kunstködern</li>
</ul>",Köderdepot,sg-4-6-11,Spinnruten,"Carbon Rute, FR-CW-LQH, Heavy Rod, Hechtrute, Raubfischrute, Snakehead Rod, Spinning Rod, Spinnrute, Zander Rute",FALSE,Title,Default Title,,,,,MS-SR-244-1035,0,,,deny,manual,0.00,,TRUE,TRUE,,,,,FALSE,,,,kg,draft
max-snakehead-special-c-802h-baitcastrute,"Baitcastrute Köderdepot Kraftrute – 2,44 m","<p>Die <strong>Kraftrute</strong> ist eine Baitcastrute von Köderdepot für das Raubfischangeln mit Kunstködern. Der Blank besteht aus Carbon.</p><p>Die Auslegung <strong>Power H / Action XF</strong> gibt der Rute die nötige Rückmeldung für präzise Würfe und kraftvolle Anhiebe.</p><p>Die Rute ist auf <strong>Hecht und Snakehead</strong> ausgelegt.</p><h3>Produktmerkmale</h3><ul>
<li>
<strong>Ringe:</strong> Keramikringe, Spitzenring mit Anti-Verwicklung</li>
<li>
<strong>Rollenhalter:</strong> Integrierter Rollenhalter mit Metall-Feststellring</li>
<li>
<strong>Griff:</strong> Korkgriff und Kork-Butt</li>
<li>
<strong>Auslegung:</strong> Power H / Action XF</li>
<li>
<strong>Besonderheit:</strong> Kraftvolle Auslegung für große Kunstköder</li>
</ul><p>Die Keramikringe sorgen für eine saubere Schnurführung. Der Spitzenring mit Anti-Verwicklung reduziert Schnurverwicklungen und Reibung beim Wurf.</p><h3>Auf einen Blick</h3><ul>
<li>Länge: 2,44 m</li>
<li>Zielfische: Hecht und Snakehead</li>
<li>Auslegung: Power H / Action XF</li>
<li>Griff: Korkgriff und Kork-Butt</li>
<li>Einsatz: Spinnfischen mit Kunstködern</li>
</ul>",Köderdepot,sg-4-6-11,Baitcastruten,"Baitcasterrute, Carbon Rute, Casting Rod, FR-CW-LQH, Heavy Rod, Hechtrute, Predator Rod, Raubfischrute, Snakehead Rod",FALSE,Title,Default Title,,,,,MS-CR-244-1035,0,,,deny,manual,0.00,,TRUE,TRUE,,,,,FALSE,,,,kg,draft
carbon-predator-s-240-spinnrute,"Spinnrute Köderdepot Weitwurfrute – 2,4 m","<p>Die <strong>Weitwurfrute</strong> ist eine Spinnrute von Köderdepot für das Raubfischangeln mit Kunstködern. Der Blank besteht aus Carbon in X-Shape-Carbon-Cloth-Wickeltechnik.</p><p>Die Auslegung <strong>Power MH / Action F</strong> gibt der Rute die nötige Rückmeldung für präzise Würfe und kraftvolle Anhiebe.</p><p>Die Rute ist auf <strong>Hecht, Zander und Barsch</strong> ausgelegt.</p><h3>Produktmerkmale</h3><ul>
<li>
<strong>Ringe:</strong> Keramikringe, Spitzenring mit Anti-Verwicklung</li>
<li>
<strong>Rollenhalter:</strong> Integrierter, massiver Rollenhalter</li>
<li>
<strong>Griff:</strong> Griff und Butt in Imitat-Kork-EVA</li>
<li>
<strong>Auslegung:</strong> Power MH / Action F</li>
<li>
<strong>Besonderheit:</strong> Als Spinn- und Baitcastrute erhältlich</li>
</ul><p>Die Keramikringe sorgen für eine saubere Schnurführung. Der Spitzenring mit Anti-Verwicklung reduziert Schnurverwicklungen und Reibung beim Wurf.</p><h3>Auf einen Blick</h3><ul>
<li>Länge: 2,4 m</li>
<li>Zielfische: Hecht, Zander und Barsch</li>
<li>Auslegung: Power MH / Action F</li>
<li>Griff: Griff und Butt in Imitat-Kork-EVA</li>
<li>Einsatz: Spinnfischen mit Kunstködern</li>
</ul>",Köderdepot,sg-4-6-11,Spinnruten,"Barsch Rute, Carbon Rute, Hecht Rute, JW-FR06, Predator Rod, Raubfischrute, Spinning Rod, Spinnrute, Zander Rute",FALSE,Title,Default Title,,,,,CP-SR-240-1040,0,,,deny,manual,0.00,,TRUE,TRUE,,,,,FALSE,,,,kg,draft
carbon-predator-c-240-baitcastrute,"Baitcastrute Köderdepot Weitwurfrute – 2,4 m","<p>Die <strong>Weitwurfrute</strong> ist eine Baitcastrute von Köderdepot für das Raubfischangeln mit Kunstködern. Der Blank besteht aus Carbon in X-Shape-Carbon-Cloth-Wickeltechnik.</p><p>Die Auslegung <strong>Power MH / Action F</strong> gibt der Rute die nötige Rückmeldung für präzise Würfe und kraftvolle Anhiebe.</p><p>Die Rute ist auf <strong>Hecht, Zander und Barsch</strong> ausgelegt.</p><h3>Produktmerkmale</h3><ul>
<li>
<strong>Ringe:</strong> Keramikringe, Spitzenring mit Anti-Verwicklung</li>
<li>
<strong>Rollenhalter:</strong> Integrierter, massiver Rollenhalter</li>
<li>
<strong>Griff:</strong> Griff und Butt in Imitat-Kork-EVA</li>
<li>
<strong>Auslegung:</strong> Power MH / Action F</li>
<li>
<strong>Besonderheit:</strong> Als Spinn- und Baitcastrute erhältlich</li>
</ul><p>Die Keramikringe sorgen für eine saubere Schnurführung. Der Spitzenring mit Anti-Verwicklung reduziert Schnurverwicklungen und Reibung beim Wurf.</p><h3>Auf einen Blick</h3><ul>
<li>Länge: 2,4 m</li>
<li>Zielfische: Hecht, Zander und Barsch</li>
<li>Auslegung: Power MH / Action F</li>
<li>Griff: Griff und Butt in Imitat-Kork-EVA</li>
<li>Einsatz: Spinnfischen mit Kunstködern</li>
</ul>",Köderdepot,sg-4-6-11,Baitcastruten,"Baitcasterrute, Barsch Rute, Carbon Rute, Casting Rod, Hecht Rute, JW-FR06, Predator Rod, Raubfischrute, Zander Rute",FALSE,Title,Default Title,,,,,CP-CR-240-1040,0,,,deny,manual,0.00,,TRUE,TRUE,,,,,FALSE,,,,kg,draft
crazy-shark-ms-210-spinnrute,"Spinnrute Köderdepot Allroundrute – 2,1 m","<p>Die <strong>Allroundrute</strong> ist eine Spinnrute von Köderdepot für das Raubfischangeln mit Kunstködern. Der Blank besteht aus Carbon.</p><p>Die Auslegung <strong>Power M / Action MF</strong> gibt der Rute die nötige Rückmeldung für präzise Würfe und kraftvolle Anhiebe.</p><p>Die Rute ist auf <strong>Hecht, Zander und Barsch</strong> ausgelegt.</p><h3>Produktmerkmale</h3><ul>
<li>
<strong>Ringe:</strong> Keramikringe, Spitzenring mit Anti-Verwicklung</li>
<li>
<strong>Rollenhalter:</strong> Integrierter Rollenhalter mit Metall-Feststellring</li>
<li>
<strong>Griff:</strong> EVA-Griff und EVA-Butt</li>
<li>
<strong>Auslegung:</strong> Power M / Action MF</li>
<li>
<strong>Besonderheit:</strong> Als Spinn- und Baitcastrute erhältlich</li>
</ul><p>Die Keramikringe sorgen für eine saubere Schnurführung. Der Spitzenring mit Anti-Verwicklung reduziert Schnurverwicklungen und Reibung beim Wurf.</p><h3>Auf einen Blick</h3><ul>
<li>Länge: 2,1 m</li>
<li>Zielfische: Hecht, Zander und Barsch</li>
<li>Auslegung: Power M / Action MF</li>
<li>Griff: EVA-Griff und EVA-Butt</li>
<li>Einsatz: Spinnfischen mit Kunstködern</li>
</ul>",Köderdepot,sg-4-6-11,Spinnruten,"Allround Spinnrute, Barsch Rute, Carbon Rute, DE-KS, Hecht Rute, Predator Rod, Raubfischrute, Spinnrute, Zander Rute",FALSE,Title,Default Title,,,,,CS-SR-210-0837,0,,,deny,manual,0.00,,TRUE,TRUE,,,,,FALSE,,,,kg,draft
crazy-shark-mc-210-baitcastrute,"Baitcastrute Köderdepot Allroundrute – 2,1 m","<p>Die <strong>Allroundrute</strong> ist eine Baitcastrute von Köderdepot für das Raubfischangeln mit Kunstködern. Der Blank besteht aus Carbon.</p><p>Die Auslegung <strong>Power M / Action MF</strong> gibt der Rute die nötige Rückmeldung für präzise Würfe und kraftvolle Anhiebe.</p><p>Die Rute ist auf <strong>Hecht, Zander und Barsch</strong> ausgelegt.</p><h3>Produktmerkmale</h3><ul>
<li>
<strong>Ringe:</strong> Keramikringe, Spitzenring mit Anti-Verwicklung</li>
<li>
<strong>Rollenhalter:</strong> Integrierter Rollenhalter mit Metall-Feststellring</li>
<li>
<strong>Griff:</strong> EVA-Griff und EVA-Butt</li>
<li>
<strong>Auslegung:</strong> Power M / Action MF</li>
<li>
<strong>Besonderheit:</strong> Als Spinn- und Baitcastrute erhältlich</li>
</ul><p>Die Keramikringe sorgen für eine saubere Schnurführung. Der Spitzenring mit Anti-Verwicklung reduziert Schnurverwicklungen und Reibung beim Wurf.</p><h3>Auf einen Blick</h3><ul>
<li>Länge: 2,1 m</li>
<li>Zielfische: Hecht, Zander und Barsch</li>
<li>Auslegung: Power M / Action MF</li>
<li>Griff: EVA-Griff und EVA-Butt</li>
<li>Einsatz: Spinnfischen mit Kunstködern</li>
</ul>",Köderdepot,sg-4-6-11,Baitcastruten,"Allround Baitcaster, Baitcasterrute, Barschangeln, Carbon Rute, Casting Rod, DE-KS, Hechtangeln, Predator Rod, Raubfischrute, Zanderangeln",FALSE,Title,Default Title,,,,,CS-CR-210-0837,0,,,deny,manual,0.00,,TRUE,TRUE,,,,,FALSE,,,,kg,draft
crazy-shark-ms-270-spinnrute,"Spinnrute Köderdepot Allroundrute – 2,7 m","<p>Die <strong>Allroundrute</strong> ist eine Spinnrute von Köderdepot für das Raubfischangeln mit Kunstködern. Der Blank besteht aus Carbon.</p><p>Die Auslegung <strong>Power M / Action MF</strong> gibt der Rute die nötige Rückmeldung für präzise Würfe und kraftvolle Anhiebe.</p><p>Die Rute ist auf <strong>Hecht, Zander und Barsch</strong> ausgelegt.</p><h3>Produktmerkmale</h3><ul>
<li>
<strong>Ringe:</strong> Keramikringe, Spitzenring mit Anti-Verwicklung</li>
<li>
<strong>Rollenhalter:</strong> Integrierter Rollenhalter mit Metall-Feststellring</li>
<li>
<strong>Griff:</strong> EVA-Griff und EVA-Butt</li>
<li>
<strong>Auslegung:</strong> Power M / Action MF</li>
<li>
<strong>Besonderheit:</strong> Als Spinn- und Baitcastrute erhältlich</li>
</ul><p>Die Keramikringe sorgen für eine saubere Schnurführung. Der Spitzenring mit Anti-Verwicklung reduziert Schnurverwicklungen und Reibung beim Wurf.</p><h3>Auf einen Blick</h3><ul>
<li>Länge: 2,7 m</li>
<li>Zielfische: Hecht, Zander und Barsch</li>
<li>Auslegung: Power M / Action MF</li>
<li>Griff: EVA-Griff und EVA-Butt</li>
<li>Einsatz: Spinnfischen mit Kunstködern</li>
</ul>",Köderdepot,sg-4-6-11,Spinnruten,"Allround Spinnrute, Barsch Rute, Carbon Rute, DE-KS, Hecht Rute, Predator Rod, Raubfischrute, Spinnrute, Zander Rute",FALSE,Title,Default Title,,,,,CS-SR-270-0837,0,,,deny,manual,0.00,,TRUE,TRUE,,,,,FALSE,,,,kg,draft
max-snakehead-special-c-702h-baitcastrute,"Baitcastrute Köderdepot Kraftrute – 2,13 m","<p>Die <strong>Kraftrute</strong> ist eine Baitcastrute von Köderdepot für das Raubfischangeln mit Kunstködern. Der Blank besteht aus Carbon.</p><p>Die Auslegung <strong>Power H / Action XF</strong> gibt der Rute die nötige Rückmeldung für präzise Würfe und kraftvolle Anhiebe.</p><p>Die Rute ist auf <strong>Hecht, Zander, Barsch und Snakehead</strong> ausgelegt.</p><h3>Produktmerkmale</h3><ul>
<li>
<strong>Ringe:</strong> Keramikringe, Spitzenring mit Anti-Verwicklung</li>
<li>
<strong>Rollenhalter:</strong> Integrierter Rollenhalter mit Metall-Feststellring</li>
<li>
<strong>Griff:</strong> Korkgriff und Kork-Butt</li>
<li>
<strong>Auslegung:</strong> Power H / Action XF</li>
<li>
<strong>Besonderheit:</strong> Kraftvolle Auslegung für große Kunstköder</li>
</ul><p>Die Keramikringe sorgen für eine saubere Schnurführung. Der Spitzenring mit Anti-Verwicklung reduziert Schnurverwicklungen und Reibung beim Wurf.</p><h3>Auf einen Blick</h3><ul>
<li>Länge: 2,13 m</li>
<li>Zielfische: Hecht, Zander, Barsch und Snakehead</li>
<li>Auslegung: Power H / Action XF</li>
<li>Griff: Korkgriff und Kork-Butt</li>
<li>Einsatz: Spinnfischen mit Kunstködern</li>
</ul>",Köderdepot,sg-4-6-11,Baitcastruten,"Baitcasterrute, Barschangeln, Carbon Rute, Casting Rod, Extra Fast Action, FR-CW-LQH, Heavy Rod, Hechtangeln, Raubfischrute, Zanderangeln",FALSE,Title,Default Title,,,,,MS-CR-212-1035,0,,,deny,manual,0.00,,TRUE,TRUE,,,,,FALSE,,,,kg,draft
stella-maris-2-40-spinnrute,"Spinnrute Köderdepot Nachtjagdrute – 2,4 m","<p>Die <strong>Nachtjagdrute</strong> ist eine Spinnrute von Köderdepot für das Raubfischangeln mit Kunstködern. Der Blank besteht aus Carbon.</p><p>Die Rute ist auf <strong>Hecht und Wels</strong> ausgelegt.</p><h3>Produktmerkmale</h3><ul>
<li>
<strong>Ringe:</strong> Keramikringe der Marke Fishingfans</li>
<li>
<strong>Rollenhalter:</strong> Rollenhalter der Marke Fishingfans</li>
<li>
<strong>Griff:</strong> EVA-Griff und EVA-Butt</li>
<li>
<strong>Besonderheit:</strong> Leuchtende Rutenspitze, massive Carbon-Spitze</li>
</ul><p>Die Keramikringe sorgen für eine saubere Schnurführung. Der Spitzenring mit Anti-Verwicklung reduziert Schnurverwicklungen und Reibung beim Wurf.</p><h3>Auf einen Blick</h3><ul>
<li>Länge: 2,4 m</li>
<li>Zielfische: Hecht und Wels</li>
<li>Griff: EVA-Griff und EVA-Butt</li>
<li>Einsatz: Spinnfischen mit Kunstködern</li>
</ul>",Köderdepot,sg-4-6-11,Spinnruten,"Big Fish Rod, Carbon Rute, Heavy Rod, Heavy Spinning, Meeresrute, Raubfischrute, Spinnrute, TB-BGZ, Welsrute",FALSE,Title,Default Title,,,,,SM-SR-240-1035,0,,,deny,manual,0.00,,TRUE,TRUE,,,,,FALSE,,,,kg,draft
carbon-predator-s-270-spinnrute,"Spinnrute Köderdepot Weitwurfrute – 2,7 m","<p>Die <strong>Weitwurfrute</strong> ist eine Spinnrute von Köderdepot für das Raubfischangeln mit Kunstködern. Der Blank besteht aus Carbon in X-Shape-Carbon-Cloth-Wickeltechnik.</p><p>Die Auslegung <strong>Power MH / Action F</strong> gibt der Rute die nötige Rückmeldung für präzise Würfe und kraftvolle Anhiebe.</p><p>Die Rute ist auf <strong>Hecht, Zander und Barsch</strong> ausgelegt.</p><h3>Produktmerkmale</h3><ul>
<li>
<strong>Ringe:</strong> Keramikringe, Spitzenring mit Anti-Verwicklung</li>
<li>
<strong>Rollenhalter:</strong> Integrierter, massiver Rollenhalter</li>
<li>
<strong>Griff:</strong> Griff und Butt in Imitat-Kork-EVA</li>
<li>
<strong>Auslegung:</strong> Power MH / Action F</li>
<li>
<strong>Besonderheit:</strong> Als Spinn- und Baitcastrute erhältlich</li>
</ul><p>Die Keramikringe sorgen für eine saubere Schnurführung. Der Spitzenring mit Anti-Verwicklung reduziert Schnurverwicklungen und Reibung beim Wurf.</p><h3>Auf einen Blick</h3><ul>
<li>Länge: 2,7 m</li>
<li>Zielfische: Hecht, Zander und Barsch</li>
<li>Auslegung: Power MH / Action F</li>
<li>Griff: Griff und Butt in Imitat-Kork-EVA</li>
<li>Einsatz: Spinnfischen mit Kunstködern</li>
</ul>",Köderdepot,sg-4-6-11,Spinnruten,"Barschangeln, Carbon Rute, Fast Action, Hechtangeln, JW-FR06, Medium Heavy, Raubfischrute, Spinning Rod, Spinnrute, Zanderangeln",FALSE,Title,Default Title,,,,,,0,,,deny,manual,0.00,,TRUE,TRUE,,,,,FALSE,,,,kg,draft
shockfin-sonicblade-jerkbait-fur-barsch-hecht,"Minnow-Wobbler Köderdepot Fernläufer – 19,8 g / 130 mm","<p>Die <strong>Fernläufer</strong> ist ein Minnow-Wobbler – ein schlanker Hardbait in Fischform von Köderdepot. Minnows laufen ruhig und rollen dabei leicht. Sie lassen sich gleichmäßig einkurbeln oder mit kurzen Stopps führen.</p><p>Der Köder ist auf <strong>Hecht, Zander und Barsch</strong> ausgelegt. Er eignet sich für das Spinnfischen im Stillwasser und im Fließwasser.</p><p>Typische Einsatzbereiche sind Kanten, Stege, Spundwände und Unterstände. Bewährt hat er sich ganzjährig, besonders bei klarem Wasser.</p><h3>Produktmerkmale</h3><ul>
<li>
<strong>Größen:</strong> 19,8 g / 130 mm</li>
<li>
<strong>Farbauswahl:</strong> 10 Farben</li>
<li>
<strong>Verpackung:</strong> PVC-Box</li>
</ul><h3>Auf einen Blick</h3><ul>
<li>Größen: 19,8 g / 130 mm</li>
<li>Zielfische: Hecht, Zander und Barsch</li>
<li>Farben: 10</li>
<li>Einsatz: Spinnfischen</li>
<li>Gewässer: Stillwasser und Fließwasser</li>
</ul>",Köderdepot,sg-4-6-13,Jerkbait,"9013, Barschköder, Floating Wobbler, Gewichtsverlagerung, Hardbait, Hechtköder, Jerkbait, Minnow, Spinnfischen, Zanderköder",FALSE,Farbe,red-phantom-head,,,,,SF-SB-130-198-RP,20,,,deny,manual,0.00,,TRUE,TRUE,,,,,FALSE,,,,kg,draft
hookforce-needle-grip-losezange,Lösezange Köderdepot Feingriff – 14/16 cm,"<p>Die <strong>Feingriff</strong> ist eine Lösezange zum sicheren und schonenden Lösen von Haken von Köderdepot.</p><h3>Produktmerkmale</h3><ul>
<li>
<strong>Material:</strong> Edelstahl</li>
<li>
<strong>Länge:</strong> 14 cm und 16 cm</li>
<li>
<strong>Verpackung:</strong> PVC-Beutel</li>
</ul><p>Die kompakte Bauform liegt sicher in der Hand und erlaubt ein gezieltes Arbeiten am Haken, ohne den Fisch unnötig zu belasten.</p><p>Geeignet für die Angelei auf Zander, Barsch und Forelle.</p><h3>Auf einen Blick</h3><ul>
<li>Material: Edelstahl</li>
<li>Länge: 14 cm und 16 cm</li>
<li>Zielfische: Zander, Barsch und Forelle</li>
</ul>",Köderdepot,sg-4-6-5,Lösezangen,"Angel Werkzeug, Angelzange, Barsch Zubehör, Forceps, Forellen Zubehör, Hakenlöser, Lösezange, Tackle Zubehör, Zander Zubehör",FALSE,Größe,14 cm,,,,,KD-AC-HF-140,31,,,deny,manual,0.00,,TRUE,TRUE,,,,,FALSE,,,,kg,draft
steelgrip-28-lure-clamp-losezange,Lösezange Köderdepot Kraftzange – 28 cm,"<p>Die <strong>Kraftzange</strong> ist eine Lösezange zum sicheren und schonenden Lösen von Haken von Köderdepot.</p><h3>Produktmerkmale</h3><ul>
<li>
<strong>Material:</strong> Hochkarbonstahl</li>
<li>
<strong>Länge:</strong> 28 cm</li>
<li>
<strong>Gewicht:</strong> 350 g</li>
<li>
<strong>Verpackung:</strong> PVC-Beutel</li>
</ul><p>Die lange Bauform mit 28 cm gibt Hebelkraft beim Lösen tief sitzender Haken. Das schont den Fisch und schützt die eigene Hand.</p><p>Geeignet für die Angelei auf Hecht und Zander.</p><h3>Auf einen Blick</h3><ul>
<li>Material: Hochkarbonstahl</li>
<li>Länge: 28 cm</li>
<li>Zielfische: Hecht und Zander</li>
</ul>",Köderdepot,sg-4-6-5,Lösezangen,"Angelzange, Hakenlöser, Hechtzange, Lure Clamp, Lösezange, raubfisch zubehör, Tackle Zubehör, Zanderzange",FALSE,Title,Default Title,,,,,KD-AC-SG-280-350,350,,,deny,manual,0.00,,TRUE,TRUE,,,,,FALSE,,,,kg,draft
crystalcore-mono-transparent-100-m-monofile-angelschnur,Angelschnur Köderdepot Uferleine – 100 m,"<p>Die <strong>Uferleine</strong> ist eine Monofile Angelschnur von Köderdepot.</p><p>Monofile Schnüre haben eine gewisse Dehnung. Das verzeiht Fehler im Drill und eignet sich besonders für den Einstieg und für das Angeln mit empfindlichen Ruten.</p><h3>Produktmerkmale</h3><ul>
<li>
<strong>Farbe:</strong> transparent und kaffeefarben</li>
<li>
<strong>Lauflänge:</strong> 100 m</li>
<li>
<strong>Durchmesser:</strong> 0,128–0,285 mm</li>
<li>
<strong>Spule:</strong> ABS-Spule im PVC-Karton</li>
<li>
<strong>Ausführung:</strong> Monofile Angelschnur</li>
</ul><p>Geeignet für die Angelei auf Barsch und Forelle.</p><h3>Auf einen Blick</h3><ul>
<li>Lauflänge: 100 m</li>
<li>Durchmesser: 0,128–0,285 mm</li>
<li>Farbe: transparent und kaffeefarben</li>
<li>Zielfische: Barsch und Forelle</li>
</ul>",Köderdepot,sg-4-6-6,Monofyle Angelschnur,"Angelschnur 100m, Grundangeln, Monofile Schnur, NL-01, Nylon Angelschnur, Posenangeln, Spinnfischen, Süßwasser Schnur, Transparente Angelschnur",FALSE,Durchmesser | Länge,"0,128 mm | 100 m",,,,,KD-MO-CC-128-100,30,,,deny,manual,0.00,,TRUE,TRUE,,,,,FALSE,,,,kg,draft
silverforce-x8-150-m-geflochtene-angelschnur,Angelschnur Köderdepot Grünklinge – 150 m,"<p>Die <strong>Grünklinge</strong> ist eine Geflochtene Angelschnur, 8-fach geflochten von Köderdepot.</p><p>Geflochtene Schnüre haben eine sehr geringe Dehnung. Dadurch werden Köderbewegungen und Bisse direkt in die Hand übertragen – ein Vorteil bei der feinen Bisserkennung auf Distanz.</p><h3>Produktmerkmale</h3><ul>
<li>
<strong>Farbe:</strong> grasgrün</li>
<li>
<strong>Lauflänge:</strong> 150 m</li>
<li>
<strong>Durchmesser:</strong> 0,128–0,285 mm</li>
<li>
<strong>Spule:</strong> ABS-Spule im Papierkarton</li>
<li>
<strong>Ausführung:</strong> Geflochtene Angelschnur, 8-fach geflochten</li>
</ul><p>Geeignet für die Angelei auf Hecht, Zander und Barsch.</p><h3>Auf einen Blick</h3><ul>
<li>Lauflänge: 150 m</li>
<li>Durchmesser: 0,128–0,285 mm</li>
<li>Farbe: grasgrün</li>
<li>Zielfische: Hecht, Zander und Barsch</li>
</ul>",Köderdepot,sg-4-6-6,Geflochtene Schnur (8-fach),"150 m, 8-fach, Angelschnur, Geflochtene Schnur, Neongrün, PE Schnur, PE-01, Spinnfischen",FALSE,Durchmesser | Länge | Tragkraft,"0,128 mm | 150 m | 10,0 kg",,,,,KD-BR-SC-128-150,45,,,deny,manual,0.00,,TRUE,TRUE,,,,,FALSE,,,,kg,draft
clear-flex-nylon-500-m-monofile-angelschnur,Angelschnur Köderdepot Vorratsleine – 500 m,"<p>Die <strong>Vorratsleine</strong> ist eine Monofile Angelschnur von Köderdepot.</p><p>Monofile Schnüre haben eine gewisse Dehnung. Das verzeiht Fehler im Drill und eignet sich besonders für den Einstieg und für das Angeln mit empfindlichen Ruten.</p><h3>Produktmerkmale</h3><ul>
<li>
<strong>Farbe:</strong> transparent und kaffeefarben</li>
<li>
<strong>Lauflänge:</strong> 500 m</li>
<li>
<strong>Durchmesser:</strong> 0,128–0,285 mm</li>
<li>
<strong>Spule:</strong> ABS-Spule</li>
<li>
<strong>Ausführung:</strong> Monofile Angelschnur</li>
</ul><p>Geeignet für die Angelei auf Forelle.</p><h3>Auf einen Blick</h3><ul>
<li>Lauflänge: 500 m</li>
<li>Durchmesser: 0,128–0,285 mm</li>
<li>Farbe: transparent und kaffeefarben</li>
<li>Zielfische: Forelle</li>
</ul>",Köderdepot,sg-4-6-6,Monofyle Angelschnur,"500m Schnur, Allround Schnur, Grundangeln, Monofile Angelschnur, NL-03, Nylon Schnur, Transparente Schnur",FALSE,Durchmesser | Länge,"0,128 mm | 500 m",,,,,KD-SN-CF-0128-500,75,,,deny,manual,0.00,,TRUE,TRUE,,,,,FALSE,,,,kg,draft
black-core-4x-braide-500-m-geflochtene-angelschnur,Angelschnur Köderdepot Silberleine – 500 m,"<p>Die <strong>Silberleine</strong> ist eine Geflochtene Angelschnur, 4-fach geflochten von Köderdepot.</p><p>Geflochtene Schnüre haben eine sehr geringe Dehnung. Dadurch werden Köderbewegungen und Bisse direkt in die Hand übertragen – ein Vorteil bei der feinen Bisserkennung auf Distanz.</p><h3>Produktmerkmale</h3><ul>
<li>
<strong>Farbe:</strong> silber</li>
<li>
<strong>Lauflänge:</strong> 500 m</li>
<li>
<strong>Durchmesser:</strong> 0,128–0,285 mm</li>
<li>
<strong>Spule:</strong> ABS-Spule</li>
<li>
<strong>Ausführung:</strong> Geflochtene Angelschnur, 4-fach geflochten</li>
</ul><p>Geeignet für die Angelei auf Hecht, Zander und Barsch.</p><h3>Auf einen Blick</h3><ul>
<li>Lauflänge: 500 m</li>
<li>Durchmesser: 0,128–0,285 mm</li>
<li>Farbe: silber</li>
<li>Zielfische: Hecht, Zander und Barsch</li>
</ul>",Köderdepot,sg-4-6-6,Geflochtene Schnur (4-fach),"4X Braide, 500m Schnur, Geflochtene Schnur, Großspule, PE Schnur, PE-02, Schnur, Spinnfischen",FALSE,Durchmesser | Länge,"0,128 mm | 500 m",,,,,KD-SN-BC-0128-500,70,,,deny,manual,0.00,,TRUE,TRUE,,,,,FALSE,,,,kg,draft
deepraider-12000-stationarrolle,Stationärrolle Köderdepot Stromjäger – Größe 12000,"<p>Die <strong>Stromjäger</strong> ist eine Stationärrolle von Köderdepot für das Raubfischangeln.</p><p>Mit einer Übersetzung von <strong>5,2:1 bzw. 4,7:1</strong> holt sie bei jeder Kurbelumdrehung die passende Schnurmenge ein.</p><h3>Produktmerkmale</h3><ul>
<li>
<strong>Übersetzung:</strong> 5,2:1 bzw. 4,7:1</li>
<li>
<strong>Kugellager:</strong> 5+1 SUS-Kugellager</li>
<li>
<strong>Bremskraft:</strong> 8 kg</li>
<li>
<strong>Bremse:</strong> Bremsbelagsystem mit Metall-Bremsalarm</li>
<li>
<strong>Aufbau:</strong> Leichte Metallspule, Metall-Schwingarm, EVA-Griff, verchromter Schnurführung, Metallrahmen, Metallgetriebe, Messingspindel</li>
<li>
<strong>Besonderheit:</strong> Spielfreies No-Gap-Design</li>
</ul><p>Die Rolle eignet sich für <strong>Wels</strong>.</p><h3>Auf einen Blick</h3><ul>
<li>Größe: 12000</li>
<li>Zielfische: Wels</li>
<li>Bremskraft: 8 kg</li>
<li>Kugellager: 5+1 SUS-Kugellager</li>
</ul>",Köderdepot,sg-4-6-9,Stationärrollen,"Angelrolle, Angelrolle 12000, Angelzubehör, Distanzangeln, FW-GL, Grundangeln, Long Cast Rolle, Stationärrolle",FALSE,Title,Default Title,,,,,KD-RL-DR-12000-BG,650,,,deny,manual,0.00,,TRUE,TRUE,,,,,FALSE,,,,kg,draft
deepraider-5800-stationarrolle,Stationärrolle Köderdepot Stromjäger – Größe 5800,"<p>Die <strong>Stromjäger</strong> ist eine Stationärrolle von Köderdepot für das Raubfischangeln.</p><p>Mit einer Übersetzung von <strong>5,2:1 bzw. 4,7:1</strong> holt sie bei jeder Kurbelumdrehung die passende Schnurmenge ein.</p><h3>Produktmerkmale</h3><ul>
<li>
<strong>Übersetzung:</strong> 5,2:1 bzw. 4,7:1</li>
<li>
<strong>Kugellager:</strong> 5+1 SUS-Kugellager</li>
<li>
<strong>Bremskraft:</strong> 8 kg</li>
<li>
<strong>Bremse:</strong> Bremsbelagsystem mit Metall-Bremsalarm</li>
<li>
<strong>Aufbau:</strong> Leichte Metallspule, Metall-Schwingarm, EVA-Griff, verchromter Schnurführung, Metallrahmen, Metallgetriebe, Messingspindel</li>
<li>
<strong>Besonderheit:</strong> Spielfreies No-Gap-Design</li>
</ul><p>Die Rolle eignet sich für <strong>Hecht, Zander und Barsch</strong>.</p><h3>Auf einen Blick</h3><ul>
<li>Größe: 5800</li>
<li>Zielfische: Hecht, Zander und Barsch</li>
<li>Bremskraft: 8 kg</li>
<li>Kugellager: 5+1 SUS-Kugellager</li>
</ul>",Köderdepot,sg-4-6-9,Stationärrollen,"Allround Rolle, Angelrolle, Angelrolle 5800, Angelzubehör, Frontbremse Rolle, FW-GL, Long Cast Rolle, Raubfischrolle, Spinnfischen, Spinnrolle, Stationärrolle",FALSE,Title,Default Title,,,,,KD-RL-AC-5800-BG,400,,,deny,manual,0.00,,TRUE,TRUE,,,,,FALSE,,,,kg,draft
crimsondrive-1500-stationarrolle,Stationärrolle Köderdepot Uferrolle – Größe 1500,"<p>Die <strong>Uferrolle</strong> ist eine Stationärrolle von Köderdepot für das Raubfischangeln.</p><p>Mit einer Übersetzung von <strong>5,2:1</strong> holt sie bei jeder Kurbelumdrehung die passende Schnurmenge ein.</p><h3>Produktmerkmale</h3><ul>
<li>
<strong>Übersetzung:</strong> 5,2:1</li>
<li>
<strong>Kugellager:</strong> 4+1 Stahl-Kugellager</li>
<li>
<strong>Bremskraft:</strong> 8 kg</li>
<li>
<strong>Bremse:</strong> Bremsbelagsystem mit Metall-Bremsalarm</li>
<li>
<strong>Aufbau:</strong> Leichte Metallspule, Metall-Schwingarm, Gummigriff, verchromte Schnurführung, Nylonrahmen, Metallgetriebe, Messingspindel</li>
<li>
<strong>Besonderheit:</strong> Spielfreies No-Gap-Design</li>
</ul><p>Die Rolle eignet sich für <strong>Zander, Barsch und Forelle</strong>.</p><h3>Auf einen Blick</h3><ul>
<li>Größe: 1500</li>
<li>Zielfische: Zander, Barsch und Forelle</li>
<li>Bremskraft: 8 kg</li>
<li>Kugellager: 4+1 Stahl-Kugellager</li>
</ul>",Köderdepot,sg-4-6-9,Stationärrollen,"Angelrolle, Leichtes Spinnfischen, Spinning Reel, Spinnrolle, ST1500, Stationärrolle",FALSE,Title,Default Title,,,,,RL-ST-1500-CG,200,,,deny,manual,0.00,,TRUE,TRUE,,,,,FALSE,,,,kg,draft
af50-redline-control-baitcaster-rolle,Baitcaster-Rolle Köderdepot Kompaktcaster,"<p>Die <strong>Kompaktcaster</strong> ist eine Baitcaster-Rolle von Köderdepot für das Raubfischangeln.</p><p>Mit einer Übersetzung von <strong>7,2:1</strong> holt sie bei jeder Kurbelumdrehung die passende Schnurmenge ein.</p><h3>Produktmerkmale</h3><ul>
<li>
<strong>Übersetzung:</strong> 7,2:1</li>
<li>
<strong>Kugellager:</strong> 3+1 Stahl-Kugellager</li>
<li>
<strong>Bremskraft:</strong> 5 kg</li>
<li>
<strong>Bremse:</strong> Magnet- und Fliehkraftbremse</li>
<li>
<strong>Gewicht:</strong> 232 g (flache Spule), 234 g (tiefe Spule)</li>
<li>
<strong>Aufbau:</strong> Gehäuse und Seitendeckel aus hochfestem Graphit, Hauptachse und Schwingarm aus 7075-Aluminium, Gummigriff, Spule aus 7075-Aluminium</li>
<li>
<strong>Besonderheit:</strong> Flache und tiefe Spule zur Wahl</li>
</ul><p>Die Rolle eignet sich für <strong>Zander und Barsch</strong>.</p><h3>Auf einen Blick</h3><ul>
<li>Zielfische: Zander und Barsch</li>
<li>Bremskraft: 5 kg</li>
<li>Kugellager: 3+1 Stahl-Kugellager</li>
</ul>",Köderdepot,sg-4-6-9,Baitcaster Rollen,"Baitcaster, Baitcaster Reel, Baitcaster Rolle, Castingrolle, Dual Brake System, Low Profile Reel, Magnetic Brake, Spinnrolle Baitcaster",FALSE,Auslegung,Kurbel links,,,,,KD-RL-IC-150-CP-1,225,,,deny,manual,0.00,,TRUE,TRUE,,,,,FALSE,,,,kg,draft
abt150-iron-claw-baitcaster-rolle,Baitcaster-Rolle Köderdepot Kraftwerfer – Größe 150,"<p>Die <strong>Kraftwerfer</strong> ist eine Baitcaster-Rolle von Köderdepot für das Raubfischangeln.</p><p>Mit einer Übersetzung von <strong>7,3:1</strong> holt sie bei jeder Kurbelumdrehung die passende Schnurmenge ein.</p><h3>Produktmerkmale</h3><ul>
<li>
<strong>Übersetzung:</strong> 7,3:1</li>
<li>
<strong>Kugellager:</strong> 6+1 (2 NMB- und 5 SUS-Kugellager)</li>
<li>
<strong>Bremskraft:</strong> 10 kg</li>
<li>
<strong>Bremse:</strong> Magnetbremssystem</li>
<li>
<strong>Gewicht:</strong> 197 g</li>
<li>
<strong>Aufbau:</strong> Gehäuse und Seitendeckel aus hochfestem Graphit, Hauptachse und Schwingarm aus 7075-Aluminium, Spule aus 7075-Aluminium (flach und tief)</li>
<li>
<strong>Besonderheit:</strong> Für Rechts- und Linkshand erhältlich</li>
</ul><p>Die Rolle eignet sich für <strong>Hecht, Zander und Barsch</strong>.</p><h3>Auf einen Blick</h3><ul>
<li>Größe: 150</li>
<li>Zielfische: Hecht, Zander und Barsch</li>
<li>Bremskraft: 10 kg</li>
<li>Kugellager: 6+1 (2 NMB- und 5 SUS-Kugellager)</li>
</ul>",Köderdepot,sg-4-6-9,Baitcaster Rollen,"Angelrolle, Baitcaster, Baitcasterrolle, Baitcasting Rolle, Low Profile Reel, Magnetbremse, Raubfischrolle, Spinnrolle Baitcaster",FALSE,Auslegung,Kurbel links,,,,,,200,,,deny,manual,0.00,,TRUE,TRUE,,,,,FALSE,,,,kg,draft
phantomcast-baitcaster-rolle,Baitcaster-Rolle Köderdepot Allroundcaster,"<p>Die <strong>Allroundcaster</strong> ist eine Baitcaster-Rolle von Köderdepot für das Raubfischangeln.</p><p>Mit einer Übersetzung von <strong>6,3:1</strong> holt sie bei jeder Kurbelumdrehung die passende Schnurmenge ein.</p><h3>Produktmerkmale</h3><ul>
<li>
<strong>Übersetzung:</strong> 6,3:1</li>
<li>
<strong>Kugellager:</strong> 6+1 (2 japanische SUS- und 4 Stahl-Kugellager)</li>
<li>
<strong>Bremskraft:</strong> 5 kg</li>
<li>
<strong>Bremse:</strong> Carbonfaser-Bremssystem, Magnetbremse mit 10 Stufen</li>
<li>
<strong>Gewicht:</strong> 183 g (mittlere Spule), 194 g (flache Spule)</li>
<li>
<strong>Aufbau:</strong> Gehäuse und Seitendeckel aus hochfestem Nylon, Hauptachse und Schwingarm aus 7075-Aluminium, Haupt- und Ritzelrad aus Kupferlegierung, Spule aus 7075-Aluminium</li>
<li>
<strong>Schnurfassung:</strong> PE 0,26 mm/210 m, 0,28 mm/180 m, 0,30 mm/140 m</li>
<li>
<strong>Besonderheit:</strong> Mittlere und flache Spule zur Wahl</li>
</ul><p>Die Rolle eignet sich für <strong>Hecht, Zander und Barsch</strong>.</p><h3>Auf einen Blick</h3><ul>
<li>Zielfische: Hecht, Zander und Barsch</li>
<li>Bremskraft: 5 kg</li>
<li>Kugellager: 6+1 (2 japanische SUS- und 4 Stahl-Kugellager)</li>
</ul>",Köderdepot,sg-4-6-9,Baitcaster Rollen,"Angelrolle Casting, Baitcast Reel, Baitcaster Rolle, Barsch Rolle, Casting Reel, DW-CA01, Hecht Rolle, Köderdepot Rolle, Low Profile Baitcaster, Magnetbremse Rolle, Raubfischrolle, Spinnrolle Baitcaster, Zander Rolle",FALSE,Auslegung,Kurbel links,,,,,KD-RL-PC-BC-2,208,,,deny,manual,0.00,,TRUE,TRUE,,,,,FALSE,,,,kg,draft
deepraider-2800-stationarrolle,Stationärrolle Köderdepot Stromjäger – Größe 2800,"<p>Die <strong>Stromjäger</strong> ist eine Stationärrolle von Köderdepot für das Raubfischangeln.</p><p>Mit einer Übersetzung von <strong>5,2:1 bzw. 4,7:1</strong> holt sie bei jeder Kurbelumdrehung die passende Schnurmenge ein.</p><h3>Produktmerkmale</h3><ul>
<li>
<strong>Übersetzung:</strong> 5,2:1 bzw. 4,7:1</li>
<li>
<strong>Kugellager:</strong> 5+1 SUS-Kugellager</li>
<li>
<strong>Bremskraft:</strong> 8 kg</li>
<li>
<strong>Bremse:</strong> Bremsbelagsystem mit Metall-Bremsalarm</li>
<li>
<strong>Aufbau:</strong> Leichte Metallspule, Metall-Schwingarm, EVA-Griff, verchromter Schnurführung, Metallrahmen, Metallgetriebe, Messingspindel</li>
<li>
<strong>Besonderheit:</strong> Spielfreies No-Gap-Design</li>
</ul><p>Die Rolle eignet sich für <strong>Hecht, Barsch und Forelle</strong>.</p><h3>Auf einen Blick</h3><ul>
<li>Größe: 2800</li>
<li>Zielfische: Hecht, Barsch und Forelle</li>
<li>Bremskraft: 8 kg</li>
<li>Kugellager: 5+1 SUS-Kugellager</li>
</ul>",Köderdepot,sg-4-6-9,Stationärrollen,"5+1 Kugellager, Allround Rolle, Angelrolle, Angelrolle 2800 Größe, Barschangeln, Forellenangeln, Frontbremse, FW-GL, Hechtangeln, Leichtlaufrolle, Long Cast Rolle, Metallspule, Raubfischrolle, Spinnfischen, Spinning Reel, Spinnrolle, Stationärrolle, Zanderangeln",FALSE,Title,Default Title,,,,,KD-RL-VS-2800-BG,300,,,deny,manual,0.00,,TRUE,TRUE,,,,,FALSE,,,,kg,draft
crimsondrive-2500-stationarrolle,Stationärrolle Köderdepot Uferrolle – Größe 2500,"<p>Die <strong>Uferrolle</strong> ist eine Stationärrolle von Köderdepot für das Raubfischangeln.</p><p>Mit einer Übersetzung von <strong>5,2:1</strong> holt sie bei jeder Kurbelumdrehung die passende Schnurmenge ein.</p><h3>Produktmerkmale</h3><ul>
<li>
<strong>Übersetzung:</strong> 5,2:1</li>
<li>
<strong>Kugellager:</strong> 4+1 Stahl-Kugellager</li>
<li>
<strong>Bremskraft:</strong> 8 kg</li>
<li>
<strong>Bremse:</strong> Bremsbelagsystem mit Metall-Bremsalarm</li>
<li>
<strong>Aufbau:</strong> Leichte Metallspule, Metall-Schwingarm, Gummigriff, verchromte Schnurführung, Nylonrahmen, Metallgetriebe, Messingspindel</li>
<li>
<strong>Besonderheit:</strong> Spielfreies No-Gap-Design</li>
</ul><p>Die Rolle eignet sich für <strong>Zander, Barsch und Forelle</strong>.</p><h3>Auf einen Blick</h3><ul>
<li>Größe: 2500</li>
<li>Zielfische: Zander, Barsch und Forelle</li>
<li>Bremskraft: 8 kg</li>
<li>Kugellager: 4+1 Stahl-Kugellager</li>
</ul>",Köderdepot,sg-4-6-9,Stationärrollen,"Allround Rolle, Angelrolle, Barschangeln, Forellenangeln, Frontbremse, GN-ST, Kunstköderangeln, Leichte Spinnrolle, Raubfischrolle, Spinnfischen, Spinnrolle, Stationärrolle, Zanderangeln",FALSE,Title,Default Title,,,,,KD-RL-CD-2500-RCG,270,,,deny,manual,0.00,,TRUE,TRUE,,,,,FALSE,,,,kg,draft
jigcore-ballstrike-jigkopf-fur-gummifisch-fur-barsch-zander,"Jigkopf Köderdepot Jigblitz – 1,75–14,0 g","<p>Die <strong>Jigblitz</strong> ist ein Jigkopf für Gummiköder von Köderdepot.</p><h3>Produktmerkmale</h3><ul>
<li>
<strong>Größen:</strong> 1,75 g · 3,5 g · 5 g · 7 g · 10 g · 14 g</li>
<li>
<strong>Farbauswahl:</strong> 6 Farben</li>
<li>
<strong>Form:</strong> Rundkopf</li>
<li>
<strong>Verpackung:</strong> PVC-Beutel, 10 Stück (bis 5 g) bzw. 5 Stück (ab 7 g) je Beutel</li>
</ul><p>Der Jigkopf sitzt sauber im Gummiköder und sorgt für eine kontrollierte Führung am Grund.</p><p>Die Rundkopf-Form eignet sich für das klassische Jiggen, für das Faulenzen und für das Schleifen am Grund.</p><p>Geeignet für die Angelei auf Hecht, Zander und Barsch.</p><h3>Auf einen Blick</h3><ul>
<li>Größen: 1,75 g · 3,5 g · 5 g · 7 g · 10 g · 14 g</li>
<li>Zielfische: Hecht, Zander und Barsch</li>
</ul>",Köderdepot,sg-4-6-13,Jigköpfe,"Ball Head, Barschangeln, FH-01, Gummiköder Zubehör, JigCore, Jigkopf, Rundkopf Jig, Zanderangeln",FALSE,Gewicht | Menge,14 g | 5 St.,Farbe,signal-red,,,JC-BS-1400-05-SR,70,,,deny,manual,0.00,,TRUE,TRUE,,,,,FALSE,,,,kg,draft
shockfin-featherstrike-spoon-fur-barsch-hecht,"Spinner Köderdepot Silberflucht – 5,0–20,0 g","<p>Die <strong>Silberflucht</strong> ist ein Spinner mit rotierendem Blatt von Köderdepot. Das Blatt rotiert bereits bei langsamer Führung und erzeugt Druck und Reflexe.</p><p>Der Köder ist auf <strong>Hecht, Zander und Barsch</strong> ausgelegt. Er eignet sich für das Spinnfischen im Stillwasser und im Fließwasser.</p><p>Typische Einsatzbereiche sind Fließwasser, Seen und Kanäle. Bewährt hat er sich ganzjährig, besonders bei trübem Wasser.</p><h3>Produktmerkmale</h3><ul>
<li>
<strong>Größen:</strong> 5 g · 7 g · 10 g · 15 g · 20 g</li>
<li>
<strong>Farbauswahl:</strong> 6 Farben</li>
<li>
<strong>Verpackung:</strong> PVC-Box</li>
</ul><h3>Auf einen Blick</h3><ul>
<li>Größen: 5 g · 7 g · 10 g · 15 g · 20 g</li>
<li>Zielfische: Hecht, Zander und Barsch</li>
<li>Farben: 6</li>
<li>Einsatz: Spinnfischen</li>
<li>Gewässer: Stillwasser und Fließwasser</li>
</ul>",Köderdepot,sg-4-6-13,Spoons,"Barschköder, Blechköder, Blinker, F-01, Hechtköder, Spinnfischen, Spoon, Wurfköder, Zanderköder",FALSE,Farbe,silver-strike,Größe | Gewicht,4 cm | 5 g,,,SF-FS-040-005-SS,5,,,deny,manual,0.00,,TRUE,TRUE,,,,,FALSE,,,,kg,draft
jigcore-strikehead-metal-jig-angelkoder-fur-barsch-zander,"Jigkopf Köderdepot Kugelblitz – 1,75–14,0 g","<p>Die <strong>Kugelblitz</strong> ist ein Jigkopf für Gummiköder von Köderdepot.</p><h3>Produktmerkmale</h3><ul>
<li>
<strong>Größen:</strong> 1,75 g · 3,5 g · 5 g · 7 g · 10 g · 14 g</li>
<li>
<strong>Farbauswahl:</strong> 1 Farbe</li>
<li>
<strong>Form:</strong> Rundkopf</li>
<li>
<strong>Verpackung:</strong> PVC-Beutel, 10 Stück je Beutel</li>
</ul><p>Der Jigkopf sitzt sauber im Gummiköder und sorgt für eine kontrollierte Führung am Grund.</p><p>Die Rundkopf-Form eignet sich für das klassische Jiggen, für das Faulenzen und für das Schleifen am Grund.</p><p>Geeignet für die Angelei auf Hecht, Zander und Barsch.</p><h3>Auf einen Blick</h3><ul>
<li>Größen: 1,75 g · 3,5 g · 5 g · 7 g · 10 g · 14 g</li>
<li>Zielfische: Hecht, Zander und Barsch</li>
</ul>",juliusstrobl,sg-4-6-13,Metal jig,"Barschangeln, FH-05, Grundkontakt, Gummifisch Zubehör, Jighaken, Rundkopf, Softbait Montage, Spinnfischen, spinnfischen zubehör, Zanderangeln",FALSE,Farbe,neon-lime-burst,Gewicht | Menge,14 g | 10 St.,,,JC-SH-140-010-NL,140,,,deny,manual,0.00,,TRUE,TRUE,,,,,FALSE,,,,kg,draft
shockfin-tinyriot-crankbait-fur-barsch-forelle,"Minnow-Wobbler Köderdepot Zwergkönig – 3,7 g / 35 mm","<p>Die <strong>Zwergkönig</strong> ist ein Minnow-Wobbler – ein schlanker Hardbait in Fischform von Köderdepot. Minnows laufen ruhig und rollen dabei leicht. Sie lassen sich gleichmäßig einkurbeln oder mit kurzen Stopps führen.</p><p>Der Köder ist auf <strong>Zander, Barsch und Forelle</strong> ausgelegt. Er eignet sich für das Spinnfischen im Stillwasser und im Fließwasser.</p><p>Typische Einsatzbereiche sind Kanten, Stege, Spundwände und Unterstände. Bewährt hat er sich ganzjährig, besonders bei klarem Wasser.</p><h3>Produktmerkmale</h3><ul>
<li>
<strong>Größen:</strong> 3,7 g / 35 mm</li>
<li>
<strong>Farbauswahl:</strong> 6 Farben</li>
<li>
<strong>Verpackung:</strong> PVC-Box</li>
</ul><h3>Auf einen Blick</h3><ul>
<li>Größen: 3,7 g / 35 mm</li>
<li>Zielfische: Zander, Barsch und Forelle</li>
<li>Farben: 6</li>
<li>Einsatz: Spinnfischen</li>
<li>Gewässer: Stillwasser und Fließwasser</li>
</ul>",Köderdepot,sg-4-6-13,Crankbait,"9122, Barschköder, Crankbait, Floating, Forellenköder, Rasselköder, spinnköder, suchköder, Ultralight",FALSE,Farbe,midnight-holo-vein,Größe | Gewicht,"3,5 cm | 3,7 g",,,SF-TR-035-037-MH,4,,,deny,manual,0.00,,TRUE,TRUE,,,,,FALSE,,,,kg,draft
shockfin-microrumble-crankbait-fur-barsch-forelle,Minnow-Wobbler Köderdepot Barschhappen – 6 g / 42 mm,"<p>Die <strong>Barschhappen</strong> ist ein Minnow-Wobbler – ein schlanker Hardbait in Fischform von Köderdepot. Minnows laufen ruhig und rollen dabei leicht. Sie lassen sich gleichmäßig einkurbeln oder mit kurzen Stopps führen.</p><p>Der Köder ist auf <strong>Zander, Barsch und Forelle</strong> ausgelegt. Er eignet sich für das Spinnfischen im Stillwasser und im Fließwasser.</p><p>Typische Einsatzbereiche sind Kanten, Stege, Spundwände und Unterstände. Bewährt hat er sich ganzjährig, besonders bei klarem Wasser.</p><h3>Produktmerkmale</h3><ul>
<li>
<strong>Größen:</strong> 6 g / 42 mm</li>
<li>
<strong>Farbauswahl:</strong> 14 Farben</li>
<li>
<strong>Verpackung:</strong> PVC-Box</li>
</ul><h3>Auf einen Blick</h3><ul>
<li>Größen: 6 g / 42 mm</li>
<li>Zielfische: Zander, Barsch und Forelle</li>
<li>Farben: 14</li>
<li>Einsatz: Spinnfischen</li>
<li>Gewässer: Stillwasser und Fließwasser</li>
</ul>",Köderdepot,sg-4-6-13,Crankbait,"9022, Barschköder, Crankbait, Floating, Forellenköder, Rasselköder, spinnköder, suchköder, Zanderköder",FALSE,Farbe,amber-craw-flash,Größe | Gewicht,"4,2 cm | 6 g",,,SF-MR-042-060-AC,6,,,deny,manual,0.00,,TRUE,TRUE,,,,,FALSE,,,,kg,draft
shockfin-popstrike-popper-fur-barsch-hecht,Popper Köderdepot Uferknall – 7 g / 65 mm,"<p>Die <strong>Uferknall</strong> ist ein Popper – ein Oberflächenköder mit Schaufel von Köderdepot. Beim Einkurbeln drückt die Schaufel Wasser und erzeugt ein klackendes Geräusch mit Spritzern an der Oberfläche.</p><p>Der Köder ist auf <strong>Hecht, Barsch und Rapfen</strong> ausgelegt. Er eignet sich für das Spinnfischen im Stillwasser und im Fließwasser.</p><p>Typische Einsatzbereiche sind Flachwasser, Krautkanten und Bereiche über Seerosen. Bewährt hat er sich Morgen- und Abendstunden.</p><h3>Produktmerkmale</h3><ul>
<li>
<strong>Größen:</strong> 7 g / 65 mm</li>
<li>
<strong>Farbauswahl:</strong> 8 Farben</li>
<li>
<strong>Verpackung:</strong> PVC-Box</li>
</ul><h3>Auf einen Blick</h3><ul>
<li>Größen: 7 g / 65 mm</li>
<li>Zielfische: Hecht, Barsch und Rapfen</li>
<li>Farben: 8</li>
<li>Einsatz: Spinnfischen</li>
<li>Gewässer: Stillwasser und Fließwasser</li>
</ul>",Köderdepot,sg-4-6-13,Popper,"Barschköder, Floating, Hechtköder, Oberflächenköder, P369, Popper, Rasselköder, Spinnfischen, Topwater",FALSE,Farbe,blue-fire-perch,Größe | Gewicht,"6,5 cm | 7 g",,,SF-PS-065-070-BF,7,,,deny,manual,0.00,,TRUE,TRUE,,,,,FALSE,,,,kg,draft
shockfin-snapglide-crankbait-fur-barsch-forelle,"Minnow-Wobbler Köderdepot Zartläufer – 3,9 g / 58 mm","<p>Die <strong>Zartläufer</strong> ist ein Minnow-Wobbler – ein schlanker Hardbait in Fischform von Köderdepot. Minnows laufen ruhig und rollen dabei leicht. Sie lassen sich gleichmäßig einkurbeln oder mit kurzen Stopps führen.</p><p>Der Köder ist auf <strong>Zander, Barsch und Forelle</strong> ausgelegt. Er eignet sich für das Spinnfischen im Stillwasser und im Fließwasser.</p><p>Typische Einsatzbereiche sind Kanten, Stege, Spundwände und Unterstände. Bewährt hat er sich ganzjährig, besonders bei klarem Wasser.</p><h3>Produktmerkmale</h3><ul>
<li>
<strong>Größen:</strong> 3,9 g / 58 mm</li>
<li>
<strong>Farbauswahl:</strong> 12 Farben</li>
<li>
<strong>Verpackung:</strong> PVC-Box</li>
</ul><h3>Auf einen Blick</h3><ul>
<li>Größen: 3,9 g / 58 mm</li>
<li>Zielfische: Zander, Barsch und Forelle</li>
<li>Farben: 12</li>
<li>Einsatz: Spinnfischen</li>
<li>Gewässer: Stillwasser und Fließwasser</li>
</ul>",Köderdepot,sg-4-6-13,Crankbait,"9049, Barschköder, Crankbait, Forellenköder, Rasselköder, Sinking, spinnköder, Twitchbait, Zanderköder",FALSE,Farbe,rainbow-river-dot,Größe | Gewicht,"5,8 cm | 3,9 g",,,SF-SG-058-039-RR,4,,,deny,manual,0.00,,TRUE,TRUE,,,,,FALSE,,,,kg,draft
shockfin-strikedart-jerkbait-fur-barsch-hecht,Minnow-Wobbler Köderdepot Schlankminnow – 5 g / 70 mm,"<p>Die <strong>Schlankminnow</strong> ist ein Minnow-Wobbler – ein schlanker Hardbait in Fischform von Köderdepot. Minnows laufen ruhig und rollen dabei leicht. Sie lassen sich gleichmäßig einkurbeln oder mit kurzen Stopps führen.</p><p>Der Köder ist auf <strong>Hecht, Zander und Barsch</strong> ausgelegt. Er eignet sich für das Spinnfischen im Stillwasser und im Fließwasser.</p><p>Typische Einsatzbereiche sind Kanten, Stege, Spundwände und Unterstände. Bewährt hat er sich ganzjährig, besonders bei klarem Wasser.</p><h3>Produktmerkmale</h3><ul>
<li>
<strong>Größen:</strong> 5 g / 70 mm</li>
<li>
<strong>Farbauswahl:</strong> 10 Farben</li>
<li>
<strong>Verpackung:</strong> PVC-Box</li>
</ul><h3>Auf einen Blick</h3><ul>
<li>Größen: 5 g / 70 mm</li>
<li>Zielfische: Hecht, Zander und Barsch</li>
<li>Farben: 10</li>
<li>Einsatz: Spinnfischen</li>
<li>Gewässer: Stillwasser und Fließwasser</li>
</ul>",Köderdepot,sg-4-6-13,Jerkbait,"9096, Barschköder, Hechtköder, Jerkbait, Minnow, Rasselköder, Sinking, spinnköder, Twitchbait, Zanderköder",FALSE,Farbe,golden-river-trout,Größe | Gewicht,7 cm | 5 g,,,SF-SD-070-050-GR,5,,,deny,manual,0.00,,TRUE,TRUE,,,,,FALSE,,,,kg,draft
shockfin-pulsepop-popper-fur-barsch-hecht,Popper Köderdepot Oberflächenblitz – 9 g / 64 mm,"<p>Die <strong>Oberflächenblitz</strong> ist ein Popper – ein Oberflächenköder mit Schaufel von Köderdepot. Beim Einkurbeln drückt die Schaufel Wasser und erzeugt ein klackendes Geräusch mit Spritzern an der Oberfläche.</p><p>Der Köder ist auf <strong>Hecht, Barsch und Rapfen</strong> ausgelegt. Er eignet sich für das Spinnfischen im Stillwasser und im Fließwasser.</p><p>Typische Einsatzbereiche sind Flachwasser, Krautkanten und Bereiche über Seerosen. Bewährt hat er sich Morgen- und Abendstunden.</p><h3>Produktmerkmale</h3><ul>
<li>
<strong>Größen:</strong> 9 g / 64 mm</li>
<li>
<strong>Farbauswahl:</strong> 15 Farben</li>
<li>
<strong>Verpackung:</strong> PVC-Box</li>
</ul><h3>Auf einen Blick</h3><ul>
<li>Größen: 9 g / 64 mm</li>
<li>Zielfische: Hecht, Barsch und Rapfen</li>
<li>Farben: 15</li>
<li>Einsatz: Spinnfischen</li>
<li>Gewässer: Stillwasser und Fließwasser</li>
</ul>",Köderdepot,sg-4-6-13,Popper,"9116, Barschköder, Floating, Hechtköder, Oberflächenköder, Popper, rapfenköder, Rasselköder, Topwater",FALSE,Farbe,holo-fire-perch,Größe | Gewicht,"6,4 cm | 9 g",,,SF-PP-064-090-HF,9,,,deny,manual,0.00,,TRUE,TRUE,,,,,FALSE,,,,kg,draft
shockfin-surface-raider-popper-fur-barsch-hecht,"Popper Köderdepot Knallkopf – 8,5 g / 70 mm","<p>Die <strong>Knallkopf</strong> ist ein Popper – ein Oberflächenköder mit Schaufel von Köderdepot. Beim Einkurbeln drückt die Schaufel Wasser und erzeugt ein klackendes Geräusch mit Spritzern an der Oberfläche.</p><p>Der Köder ist auf <strong>Hecht und Barsch</strong> ausgelegt. Er eignet sich für das Spinnfischen im Stillwasser und im Fließwasser.</p><p>Typische Einsatzbereiche sind Flachwasser, Krautkanten und Bereiche über Seerosen. Bewährt hat er sich Morgen- und Abendstunden.</p><h3>Produktmerkmale</h3><ul>
<li>
<strong>Größen:</strong> 8,5 g / 70 mm</li>
<li>
<strong>Farbauswahl:</strong> 9 Farben</li>
<li>
<strong>Verpackung:</strong> PVC-Box</li>
</ul><h3>Auf einen Blick</h3><ul>
<li>Größen: 8,5 g / 70 mm</li>
<li>Zielfische: Hecht und Barsch</li>
<li>Farben: 9</li>
<li>Einsatz: Spinnfischen</li>
<li>Gewässer: Stillwasser und Fließwasser</li>
</ul>",Köderdepot,sg-4-6-13,Popper,"9141, Barschköder, Floating, Hardbait, Hechtköder, Oberflächenköder, Popper, Rassel, Topwater",FALSE,Farbe,green-strike-veil,Größe | Gewicht,"7 cm | 8,5 g",,,SF-SR-070-085-GS,9,,,deny,manual,0.00,,TRUE,TRUE,,,,,FALSE,,,,kg,draft
shockfin-micro-pulse-crankbait-fur-barsch-forelle,"Minnow-Wobbler Köderdepot Feinklinge – 4,7 g / 55 mm","<p>Die <strong>Feinklinge</strong> ist ein Minnow-Wobbler – ein schlanker Hardbait in Fischform von Köderdepot. Minnows laufen ruhig und rollen dabei leicht. Sie lassen sich gleichmäßig einkurbeln oder mit kurzen Stopps führen.</p><p>Der Köder ist auf <strong>Hecht, Barsch und Forelle</strong> ausgelegt. Er eignet sich für das Spinnfischen im Stillwasser und im Fließwasser.</p><p>Typische Einsatzbereiche sind Kanten, Stege, Spundwände und Unterstände. Bewährt hat er sich ganzjährig, besonders bei klarem Wasser.</p><h3>Produktmerkmale</h3><ul>
<li>
<strong>Größen:</strong> 4,7 g / 55 mm</li>
<li>
<strong>Farbauswahl:</strong> 12 Farben</li>
<li>
<strong>Verpackung:</strong> PVC-Box</li>
</ul><h3>Auf einen Blick</h3><ul>
<li>Größen: 4,7 g / 55 mm</li>
<li>Zielfische: Hecht, Barsch und Forelle</li>
<li>Farben: 12</li>
<li>Einsatz: Spinnfischen</li>
<li>Gewässer: Stillwasser und Fließwasser</li>
</ul>",Köderdepot,sg-4-6-13,Crankbait,"9047, Barschköder, Crankbait, Floating, Forellenköder, Hardbait, Rassel, Spinnfischen, suchköder, Ultralight",FALSE,Farbe,emerald-shad,Größe | Gewicht,"5,5 cm | 4,7 g",,,SF-MP-055-047-ES,5,,,deny,manual,0.00,,TRUE,TRUE,,,,,FALSE,,,,kg,draft
shockfin-ramp-rattle-crankbait-fur-barsch-forelle,"Minnow-Wobbler Köderdepot Silberfunke – 5,5 g / 43 mm","<p>Die <strong>Silberfunke</strong> ist ein Minnow-Wobbler – ein schlanker Hardbait in Fischform von Köderdepot. Minnows laufen ruhig und rollen dabei leicht. Sie lassen sich gleichmäßig einkurbeln oder mit kurzen Stopps führen.</p><p>Der Köder ist auf <strong>Hecht, Barsch und Forelle</strong> ausgelegt. Er eignet sich für das Spinnfischen im Stillwasser und im Fließwasser.</p><p>Typische Einsatzbereiche sind Kanten, Stege, Spundwände und Unterstände. Bewährt hat er sich ganzjährig, besonders bei klarem Wasser.</p><h3>Produktmerkmale</h3><ul>
<li>
<strong>Größen:</strong> 5,5 g / 43 mm</li>
<li>
<strong>Farbauswahl:</strong> 13 Farben</li>
<li>
<strong>Verpackung:</strong> PVC-Box</li>
</ul><h3>Auf einen Blick</h3><ul>
<li>Größen: 5,5 g / 43 mm</li>
<li>Zielfische: Hecht, Barsch und Forelle</li>
<li>Farben: 13</li>
<li>Einsatz: Spinnfischen</li>
<li>Gewässer: Stillwasser und Fließwasser</li>
</ul>",Köderdepot,sg-4-6-13,Crankbait,"9181, Barschköder, Crankbait, Floating, Forellenköder, Hardbait, Hechtköder, Rassel, suchköder, Wurfstark",FALSE,Farbe,amber-craw,Größe | Gewicht,"4,3 cm | 5,5 g",,,SF-RR-043-055-AC,6,,,deny,manual,0.00,,TRUE,TRUE,,,,,FALSE,,,,kg,draft
shockfin-pulse-diver-wobbler-fur-barsch-forelle,Minnow-Wobbler Köderdepot Rasselminnow – 6 g / 60 mm,"<p>Die <strong>Rasselminnow</strong> ist ein Minnow-Wobbler – ein schlanker Hardbait in Fischform von Köderdepot. Minnows laufen ruhig und rollen dabei leicht. Sie lassen sich gleichmäßig einkurbeln oder mit kurzen Stopps führen.</p><p>Der Köder ist auf <strong>Hecht, Barsch und Forelle</strong> ausgelegt. Er eignet sich für das Spinnfischen im Stillwasser und im Fließwasser.</p><p>Typische Einsatzbereiche sind Kanten, Stege, Spundwände und Unterstände. Bewährt hat er sich ganzjährig, besonders bei klarem Wasser.</p><h3>Auf einen Blick</h3><ul>
<li>Zielfische: Hecht, Barsch und Forelle</li>
<li>Einsatz: Spinnfischen</li>
<li>Gewässer: Stillwasser und Fließwasser</li>
</ul>",Köderdepot,sg-4-6-13,Wobbler,"Barschköder, Forellenköder, Hardbait, Hechtköder, M420, Minnow, Rasselköder, Rattle, Shockfin, Spinnfischen, suchköder, Wobbler, Wurfköder, Zanderköder",FALSE,Farbe,river-camouflage,Größe | Gewicht,6 cm | 6 g,,,SF-PD-060-060-RC,6,,,deny,manual,0.00,,TRUE,TRUE,,,,,FALSE,,,,kg,draft
stealthfin-micro-drift-wobbler-fur-barsch-forelle,Minnow-Wobbler Köderdepot Feinschwimmer – 4 g / 48 mm,"<p>Die <strong>Feinschwimmer</strong> ist ein Minnow-Wobbler – ein schlanker Hardbait in Fischform von Köderdepot. Minnows laufen ruhig und rollen dabei leicht. Sie lassen sich gleichmäßig einkurbeln oder mit kurzen Stopps führen.</p><p>Der Köder ist auf <strong>Barsch und Forelle</strong> ausgelegt. Er eignet sich für das Spinnfischen im Stillwasser und im Fließwasser.</p><p>Typische Einsatzbereiche sind Kanten, Stege, Spundwände und Unterstände. Bewährt hat er sich ganzjährig, besonders bei klarem Wasser.</p><h3>Auf einen Blick</h3><ul>
<li>Zielfische: Barsch und Forelle</li>
<li>Einsatz: Spinnfischen</li>
<li>Gewässer: Stillwasser und Fließwasser</li>
</ul>",Köderdepot,sg-4-6-13,Wobbler,"48S, Barschköder, Finesse, Forellenköder, Hardbait, Minnow, Slow Sinking, Stealth, Wobbler",FALSE,Farbe,aqua-prism,Größe | Gewicht,"4,8 cm | 4 g",,,ST-MD-048-040-AP,4,,,deny,manual,0.00,,TRUE,TRUE,,,,,FALSE,,,,kg,draft
shockfin-railstrike-wobbler-fur-hecht-zander,"Minnow-Wobbler Köderdepot Langklinge – 18,5 g / 120 mm","<p>Die <strong>Langklinge</strong> ist ein Minnow-Wobbler – ein schlanker Hardbait in Fischform von Köderdepot. Minnows laufen ruhig und rollen dabei leicht. Sie lassen sich gleichmäßig einkurbeln oder mit kurzen Stopps führen.</p><p>Der Köder ist auf <strong>Hecht und Zander</strong> ausgelegt. Er eignet sich für das Spinnfischen im Stillwasser und im Fließwasser.</p><p>Typische Einsatzbereiche sind Kanten, Stege, Spundwände und Unterstände. Bewährt hat er sich ganzjährig, besonders bei klarem Wasser.</p><h3>Produktmerkmale</h3><ul>
<li>
<strong>Größen:</strong> 18,5 g / 120 mm</li>
<li>
<strong>Farbauswahl:</strong> 10 Farben</li>
<li>
<strong>Verpackung:</strong> PVC-Box</li>
</ul><h3>Auf einen Blick</h3><ul>
<li>Größen: 18,5 g / 120 mm</li>
<li>Zielfische: Hecht und Zander</li>
<li>Farben: 10</li>
<li>Einsatz: Spinnfischen</li>
<li>Gewässer: Stillwasser und Fließwasser</li>
</ul>",Köderdepot,sg-4-6-13,Wobbler,"Floating, Hardbait, Hechtköder, M084, Rasselköder, suchköder, Wobbler, Zanderköder",FALSE,Farbe,toxic-jungle,Größe | Gewicht,"12 cm | 18,5 g",,,SF-RS-120-185-TJ,19,,,deny,manual,0.00,,TRUE,TRUE,,,,,FALSE,,,,kg,draft
deepfin-longstrike-wobbler-fur-hecht-zander,"Minnow-Wobbler Köderdepot Streckklinge – 24,5 g / 170 mm","<p>Die <strong>Streckklinge</strong> ist ein Minnow-Wobbler – ein schlanker Hardbait in Fischform von Köderdepot. Minnows laufen ruhig und rollen dabei leicht. Sie lassen sich gleichmäßig einkurbeln oder mit kurzen Stopps führen.</p><p>Der Köder ist auf <strong>Hecht und Zander</strong> ausgelegt. Er eignet sich für das Spinnfischen im Stillwasser und im Fließwasser.</p><p>Typische Einsatzbereiche sind Kanten, Stege, Spundwände und Unterstände. Bewährt hat er sich ganzjährig, besonders bei klarem Wasser.</p><h3>Produktmerkmale</h3><ul>
<li>
<strong>Größen:</strong> 24,5 g / 170 mm</li>
<li>
<strong>Farbauswahl:</strong> 9 Farben</li>
<li>
<strong>Verpackung:</strong> PVC-Box</li>
</ul><h3>Auf einen Blick</h3><ul>
<li>Größen: 24,5 g / 170 mm</li>
<li>Zielfische: Hecht und Zander</li>
<li>Farben: 9</li>
<li>Einsatz: Spinnfischen</li>
<li>Gewässer: Stillwasser und Fließwasser</li>
</ul>",Köderdepot,sg-4-6-13,Wobbler,"Deep Diver, Floating, Hardbait, Hechtköder, Rasselköder, Tiefenläufer, Wobbler, Zanderköder",FALSE,Farbe,dark-bronze-bait,Größe | Gewicht,"17 cm | 24,5 g",,,DF-LS-170-245-DB,25,,,deny,manual,0.00,,TRUE,TRUE,,,,,FALSE,,,,kg,draft
shockfin-ironpulse-vibration-bait-fur-hecht-zander,"Vibrationsköder Köderdepot Blattviber – 13,6 g / 44 mm","<p>Die <strong>Blattviber</strong> ist ein Vibrationsköder mit starker Eigenschwingung von Köderdepot. Er arbeitet in der Absinkphase und beim Anheben. Die Vibration ist auch auf Distanz und bei trübem Wasser spürbar.</p><p>Der Köder ist auf <strong>Hecht, Zander und Barsch</strong> ausgelegt. Er eignet sich für das Spinnfischen im Stillwasser und im Fließwasser.</p><p>Typische Einsatzbereiche sind tiefere Bereiche, Kanten und strukturierte Zonen. Bewährt hat er sich ganzjährig, auch bei trübem Wasser.</p><h3>Produktmerkmale</h3><ul>
<li>
<strong>Größen:</strong> 13,6 g / 44 mm</li>
<li>
<strong>Farbauswahl:</strong> 6 Farben</li>
<li>
<strong>Verpackung:</strong> PVC-Box</li>
</ul><h3>Auf einen Blick</h3><ul>
<li>Größen: 13,6 g / 44 mm</li>
<li>Zielfische: Hecht, Zander und Barsch</li>
<li>Farben: 6</li>
<li>Einsatz: Spinnfischen</li>
<li>Gewässer: Stillwasser und Fließwasser</li>
</ul>",Köderdepot,sg-4-6-13,Vibration-Bait,"9029, Blechköder, Hechtköder, metallköder, Sinking, Spinnerbait, Spinnerblatt, suchköder, Vibration Bait, Zanderköder",FALSE,Farbe,flame-pike,Größe | Gewicht,"4,4 cm | 13,6 g",,,SF-IP-044-136-FP,14,,,deny,manual,0.00,,TRUE,TRUE,,,,,FALSE,,,,kg,draft
shockfin-bladeriot-vibration-bait-fur-barsch-zander,"Vibrationsköder Köderdepot Kleinviber – 5,2 g / 45 mm","<p>Die <strong>Kleinviber</strong> ist ein Vibrationsköder mit starker Eigenschwingung von Köderdepot. Er arbeitet in der Absinkphase und beim Anheben. Die Vibration ist auch auf Distanz und bei trübem Wasser spürbar.</p><p>Der Köder ist auf <strong>Hecht, Zander und Barsch</strong> ausgelegt. Er eignet sich für das Spinnfischen im Stillwasser und im Fließwasser.</p><p>Typische Einsatzbereiche sind tiefere Bereiche, Kanten und strukturierte Zonen. Bewährt hat er sich ganzjährig, auch bei trübem Wasser.</p><h3>Produktmerkmale</h3><ul>
<li>
<strong>Größen:</strong> 5,2 g / 45 mm</li>
<li>
<strong>Farbauswahl:</strong> 4 Farben</li>
<li>
<strong>Verpackung:</strong> PVC-Box</li>
</ul><h3>Auf einen Blick</h3><ul>
<li>Größen: 5,2 g / 45 mm</li>
<li>Zielfische: Hecht, Zander und Barsch</li>
<li>Farben: 4</li>
<li>Einsatz: Spinnfischen</li>
<li>Gewässer: Stillwasser und Fließwasser</li>
</ul>",Köderdepot,sg-4-6-13,Vibration-Bait,"Barschköder, Blechköder, metallköder, Raubfischköder, Sinking, suchköder, vibrationsköder, Zanderköder",FALSE,Farbe,river-pike,Größe | Gewicht,"4,5 cm | 5,2 g",,,SF-BR-045-052-RP,5,,,deny,manual,0.00,,TRUE,TRUE,,,,,FALSE,,,,kg,draft
shockfin-steelviper-swimbait-fur-hecht-zander,"Pencilbait Köderdepot Gleitklinge – 5,8 g / 90 mm","<p>Die <strong>Gleitklinge</strong> ist ein Pencilbait – ein Oberflächenköder ohne Schaufel von Köderdepot. Mit kurzen Rutenschlägen läuft er Zickzack über die Oberfläche und lässt sich gezielt um Hindernisse führen.</p><p>Der Köder ist auf <strong>Hecht, Zander und Barsch</strong> ausgelegt. Er eignet sich für das Spinnfischen im Stillwasser und im Fließwasser.</p><p>Typische Einsatzbereiche sind ruhige Flächen und Bereiche mit Oberflächenaktivität. Bewährt hat er sich bei warmem Wasser und ruhiger Oberfläche.</p><h3>Produktmerkmale</h3><ul>
<li>
<strong>Größen:</strong> 5,8 g / 90 mm</li>
<li>
<strong>Farbauswahl:</strong> 8 Farben</li>
<li>
<strong>Verpackung:</strong> PVC-Box</li>
</ul><h3>Auf einen Blick</h3><ul>
<li>Größen: 5,8 g / 90 mm</li>
<li>Zielfische: Hecht, Zander und Barsch</li>
<li>Farben: 8</li>
<li>Einsatz: Spinnfischen</li>
<li>Gewässer: Stillwasser und Fließwasser</li>
</ul>",Köderdepot,sg-4-6-13,Swimbait,"9010, Gelenkköder, Hechtköder, Kunststoff, Mehrteilig, Raubfischköder, Sinking, Swimbait",FALSE,Farbe,ice-drift,Größe | Gewicht,"9 cm | 5,8 g",,,SF-SV-090-058-ID,6,,,deny,manual,0.00,,TRUE,TRUE,,,,,FALSE,,,,kg,draft
shockfin-frogreaper-froschkoder-fur-barsch-hecht,Frosch-Gummiköder Köderdepot Wasserjäger – 10 g / 5 cm,"<p>Die <strong>Wasserjäger</strong> ist ein Frosch-Gummiköder mit Hohlkörper von Köderdepot. Er läuft an der Oberfläche und bleibt dabei auch in dichtem Kraut und über Seerosen einsatzfähig.</p><p>Der Köder ist auf <strong>Hecht und Barsch</strong> ausgelegt. Er eignet sich für das Spinnfischen im Stillwasser und im Fließwasser.</p><p>Typische Einsatzbereiche sind Krautbetten, Seerosenfelder und Schilfkanten. Bewährt hat er sich bei warmem Wasser im Sommer.</p><h3>Produktmerkmale</h3><ul>
<li>
<strong>Größen:</strong> 10 g / 5 cm</li>
<li>
<strong>Farbauswahl:</strong> 10 Farben</li>
<li>
<strong>Verpackung:</strong> PVC-Box</li>
</ul><h3>Auf einen Blick</h3><ul>
<li>Größen: 10 g / 5 cm</li>
<li>Zielfische: Hecht und Barsch</li>
<li>Farben: 10</li>
<li>Einsatz: Spinnfischen</li>
<li>Gewässer: Stillwasser und Fließwasser</li>
</ul>",Köderdepot,sg-4-6-13,Frösche,"Barschköder, Floating, Froschköder, Geruchsaktiv, Hechtköder, Krautfeld, Krautkante, SB-21, Seerosen, Topwater",FALSE,Farbe,neon-bog,Größe | Gewicht,5 cm | 10 g,,,SF-FR-050-100-NB,10,,,deny,manual,0.00,,TRUE,TRUE,,,,,FALSE,,,,kg,draft
huntfin-steelrazor-vibration-bait-fur-grossbarsch-barsch,Vibrationsköder Köderdepot Tiefenschwinger – 45 g / 110 mm,"<p>Die <strong>Tiefenschwinger</strong> ist ein Vibrationsköder mit starker Eigenschwingung von Köderdepot. Er arbeitet in der Absinkphase und beim Anheben. Die Vibration ist auch auf Distanz und bei trübem Wasser spürbar.</p><p>Der Köder ist auf <strong>Hecht und Großbarsch</strong> ausgelegt. Er eignet sich für das Spinnfischen im Stillwasser und im Fließwasser.</p><p>Typische Einsatzbereiche sind tiefere Bereiche, Kanten und strukturierte Zonen. Bewährt hat er sich ganzjährig, auch bei trübem Wasser.</p><h3>Produktmerkmale</h3><ul>
<li>
<strong>Größen:</strong> 45 g / 110 mm</li>
<li>
<strong>Farbauswahl:</strong> 7 Farben</li>
<li>
<strong>Verpackung:</strong> PVC-Box</li>
</ul><h3>Auf einen Blick</h3><ul>
<li>Größen: 45 g / 110 mm</li>
<li>Zielfische: Hecht und Großbarsch</li>
<li>Farben: 7</li>
<li>Einsatz: Spinnfischen</li>
<li>Gewässer: Stillwasser und Fließwasser</li>
</ul>",Köderdepot,sg-4-6-13,Vibration-Bait,"9172, Blechköder, Distanzköder, Großbarsch, Hechtköder, Sinking, Vibrationbait, Weitwurf, Zanderköder",FALSE,Farbe,arctic-scale,Größe | Gewicht,11 cm | 45 g,,,HF-SR-110-450-AS,45,,,deny,manual,0.00,,TRUE,TRUE,,,,,FALSE,,,,kg,draft
jigcore-round-jighead-fur-gummifisch-auf-barsch-zander,"Jigkopf Köderdepot Naturkopf – 0,875–21,0 g","<p>Die <strong>Naturkopf</strong> ist ein Jigkopf für Gummiköder von Köderdepot.</p><h3>Produktmerkmale</h3><ul>
<li>
<strong>Größen:</strong> 0,875 g · 1,75 g · 3,5 g · 5 g · 7 g · 10 g · 14 g · 21 g</li>
<li>
<strong>Farbauswahl:</strong> 1 Farbe</li>
<li>
<strong>Form:</strong> Rundkopf</li>
<li>
<strong>Verpackung:</strong> PVC-Beutel, 10 Stück je Beutel</li>
</ul><p>Der Jigkopf sitzt sauber im Gummiköder und sorgt für eine kontrollierte Führung am Grund.</p><p>Die Rundkopf-Form eignet sich für das klassische Jiggen, für das Faulenzen und für das Schleifen am Grund.</p><p>Geeignet für die Angelei auf Hecht, Zander und Barsch.</p><h3>Auf einen Blick</h3><ul>
<li>Größen: 0,875 g · 1,75 g · 3,5 g · 5 g · 7 g · 10 g · 14 g · 21 g</li>
<li>Zielfische: Hecht, Zander und Barsch</li>
</ul>",Köderdepot,sg-4-6-13,Jigköpfe,"Barschköder, Bleikopf, FH-02, Gummifisch, Jigkopf, Rundkopf, Spinnfischen, Zanderköder",FALSE,Gewicht | Menge,21 g | 10 St.,,,,,TK-JC-000-210,210,,,deny,manual,0.00,,TRUE,TRUE,,,,,FALSE,,,,kg,draft
